{
  "model": "univariate_garch11_with_empirical_residual_correlation",
  "scale_factor": 100.0,
  "features": [
    "sp500",
    "DGS10"
  ],
  "params": {
    "sp500": {
      "mu": 0.03146504683046016,
      "omega": 0.015075726430150456,
      "alpha": 0.09281250000000002,
      "beta": 0.8936458333333333,
      "unconditional_variance": 1.1132844133034085
    },
    "DGS10": {
      "mu": 0.0026469390525315595,
      "omega": 0.15203865707888858,
      "alpha": 0.05531250000000001,
      "beta": 0.9412905092592592,
      "unconditional_variance": 44.75686532066632
    }
  },
  "standardized_residual_correlation": [
    [
      1.0,
      -0.05225226405371445
    ],
    [
      -0.05225226405371445,
      1.0
    ]
  ],
  "train_csv": "train_data/train_sp500_us10y.csv",
  "n_train_rows": 14734
}